0, 900.000000, 1020.000000, 1140.000000, 1250.389401, 1250.389401
1, 900.000000, 1020.000000, 1069.612329, 900.000000, 900.000000
2, 1289.916674, 1409.916674, 900.000000, 1069.612329, 1069.612329
3, 1790.081596, 1569.610599, 1884.283205, 900.000000, 900.000000
4, 1365.327394, 1045.798391, 900.000000, 1260.000000, 1314.882737
5, 1495.657837, 1275.186840, 1068.615623, 1049.859446, 1104.742183
6, 1886.571216, 1106.571216, 899.999999, 936.126559, 899.999999
7, 2190.915653, 1070.444656, 1625.117262, 899.999999, 1167.318822
8, 2519.252392, 1419.723389, 1393.924998, 1873.924998, 899.999998
9, 1812.616369, 1019.999998, 899.999998, 899.999998, 1379.999998
10, 1397.264932, 899.999998, 1139.999998, 1259.999998, 899.999998
11, 1179.860103, 1019.999998, 924.956973, 924.956973, 1379.999998
12, 1714.432131, 995.043023, 899.999998, 899.999998, 1355.043023
13, 1383.395886, 899.999998, 1021.658855, 905.659955, 899.999998
14, 2064.583747, 1223.535781, 899.999997, 1027.318813, 1583.535781
15, 2308.869472, 1249.009367, 1153.966342, 1153.966342, 1609.009367
16, 1343.190072, 1587.120746, 1351.198550, 1351.198550, 1587.120746
17, 1378.402300, 1566.241575, 1948.779603, 2074.439561, 983.800964
18, 1241.770095, 1198.606323, 1428.757939, 1428.757939, 1806.241575
19, 1515.138047, 1338.542195, 1123.499170, 1123.499170, 1745.480732
20, 1782.781705, 2310.675373, 2347.139589, 2568.294383, 1578.542195
21, 2012.207695, 1097.186346, 1327.337962, 899.999997, 2478.250430
22, 2181.625584, 1030.083301, 1260.234917, 1260.234917, 977.186346
23, 2499.141112, 1303.392597, 1401.156117, 968.349572, 910.083301
24, 2559.436495, 1192.347590, 1290.111110, 1329.966600, 1423.392597
25, 2789.626670, 1137.041835, 899.999996, 939.855486, 1312.347590
26, 2914.188773, 1114.086366, 1399.233616, 916.900017, 922.236476
27, 2729.555768, 1300.047387, 899.999996, 3823.207405, 1399.233616
28, 3083.356991, 1189.766565, 1167.530085, 1445.247718, 899.999996
29, 3375.064775, 1089.605024, 4256.013950, 1334.966896, 1189.766565
30, 3854.263543, 1154.490989, 1425.103997, 899.999996, 3081.242527
31, 4172.146295, 948.763209, 899.999995, 3526.199502, 1425.103997
32, 4229.185915, 899.999996, 901.731403, 1274.895994, 899.999995
33, 2655.318625, 1129.679794, 3959.006047, 1069.168214, 923.967883
34, 2255.173760, 1107.091549, 1545.509002, 1020.405001, 3745.673316
35, 2387.618837, 1194.592133, 1465.178767, 1239.831410, 1545.509002
36, 1443.150180, 6103.045756, 1890.049710, 1217.243165, 1465.178767
37, 1494.858517, 5216.047886, 1387.560327, 1314.997138, 2152.286190
38, 1851.917600, 5690.468642, 5315.977648, 4790.873647, 1649.796807
39, 2095.363786, 5307.308524, 5430.266685, 4517.460140, 4742.807497
40, 2629.444205, 1200.253846, 4642.637532, 4144.442674, 4369.790031
41, 2505.935447, 5017.128526, 1513.222040, 4477.533531, 4716.874676
42, 2591.774802, 4934.291058, 5057.249219, 1859.673864, 899.999996
43, 2845.019405, 1260.579978, 5215.273095, 899.999996, 5215.273095
44, 3293.606581, 1052.554058, 5783.799822, 5410.169094, 5017.710834
45, 3625.180599, 5779.774122, 1693.548172, 1951.974076, 899.999996
46, 4132.772402, 5701.963247, 1485.522252, 6338.695821, 1938.063064
47, 4169.343362, 6398.290816, 6037.462220, 1347.976416, 5751.373232
48, 4672.123798, 1418.566431, 5042.497179, 1059.213756, 1334.065404
49, 4349.203325, 1129.803771, 899.999996, 917.728823, 1045.302744
50, 4694.458486, 977.323818, 1465.302744, 6592.358219, 976.743836
51, 5017.511407, 5611.053581, 1262.832824, 1659.719025, 5610.473599
52, 5327.181974, 1730.309040, 1389.428336, 1634.270441, 1645.808013
53, 5530.175510, 1704.860456, 1363.979752, 1231.275673, 1620.359429
54, 5921.597289, 1290.870668, 899.999997, 6451.458586, 1290.290686
55, 4978.025008, 5895.448522, 1102.690026, 1596.601038, 5894.868540
56, 5213.643050, 1667.191053, 1015.463632, 1509.374644, 1582.690026
57, 5181.098448, 1579.964659, 1128.142128, 1459.417804, 1495.463632
58, 5292.529875, 1519.012799, 1119.245149, 1450.520825, 1518.432817
59, 5452.063783, 1510.115820, 1067.307949, 1398.583625, 1509.535838
60, 5793.600494, 1458.178620, 1439.787589, 1933.698601, 1457.598638
61, 5871.167137, 2004.288616, 1383.039022, 1876.950034, 1919.787589
62, 6277.588187, 1947.540049, 943.267875, 1274.543551, 1863.039022
63, 5009.274057, 1334.138546, 7304.577851, 1060.269709, 1333.558564
64, 5244.047695, 1119.864704, 1405.373710, 1042.851633, 1119.284722
65, 5182.991959, 1102.446628, 1387.955634, 1632.008210, 1101.866646
66, 5397.836541, 1702.598225, 1361.717521, 1494.530749, 1618.097198
67, 5634.096482, 1565.120764, 1224.240060, 1387.408512, 1480.619737
68, 4759.068095, 1447.003507, 1056.132836, 8535.853527, 1446.423525
69, 4797.753102, 8319.346058, 8604.855064, 1223.910957, 8318.766076
70, 4954.561998, 1132.970262, 8877.935286, 899.999996, 1223.910957
71, 5253.165387, 9160.895520, 899.999995, 9519.751063, 899.999996
72, 5569.225591, 1709.059301, 1264.558274, 1426.984397, 9520.315538
73, 5410.793669, 1336.043702, 1103.073435, 978.886821, 1426.984397
74, 5465.214950, 937.936093, 8836.293744, 937.404009, 978.886821
75, 5664.224681, 9119.253978, 1343.445099, 10241.300525, 1116.419022
76, 5933.584202, 1607.009037, 1162.508010, 1479.957440, 9478.673996
77, 6094.085843, 1389.016745, 1156.046478, 1217.053086, 1479.957440
78, 5742.844199, 1296.102358, 8946.738273, 1203.399410, 1217.053086
79, 5919.546205, 1142.994405, 1581.611364, 10199.658983, 1382.414423
80, 6042.626610, 10079.708540, 1428.503411, 10170.649235, 9589.118525
81, 5985.724334, 9007.924971, 8724.964737, 9308.329976, 8808.875699
82, 5539.374057, 1224.755360, 9144.018881, 1255.160006, 9324.300592
83, 5626.822959, 899.999995, 1171.249044, 930.404641, 899.999995
84, 5611.024865, 9998.509875, 9290.008124, 1028.332185, 1301.526729
85, 5649.332371, 1398.473262, 1301.526729, 10178.914880, 899.999996
86, 6130.026150, 1053.788841, 899.999996, 1084.193487, 10089.725595
87, 6445.162435, 1299.031703, 1000.282525, 979.982431, 899.999996
88, 6767.597422, 10592.968358, 10114.136055, 11133.373363, 1831.104519
89, 7030.983058, 11067.642371, 1591.104519, 11098.047017, 11393.853526
90, 7204.457402, 10879.761292, 10596.801058, 11340.712020, 1296.547129
91, 7070.718653, 1315.020395, 1201.785985, 1604.506092, 994.761139
92, 7127.318971, 1013.234405, 899.999995, 1302.720102, 936.725453
93, 6974.671137, 1185.336402, 11358.428413, 899.999995, 11636.518529
94, 7076.899503, 1143.468794, 899.999995, 1499.051336, 1450.173424
95, 7335.249327, 899.999995, 1355.412280, 1255.582537, 1206.704625
96, 6614.518788, 11968.942716, 1111.943481, 1015.760669, 1052.486127
97, 6280.924058, 1301.097076, 1015.760669, 12258.428413, 12295.153871
98, 6541.404081, 12316.054896, 12030.718489, 1151.571896, 1102.693984
99, 6636.584627, 1121.167250, 1041.461261, 1010.110630, 961.232718
100, 6703.841969, 979.705984, 899.999995, 979.022199, 1015.747657
101, 6905.845716, 1384.358606, 979.022199, 12930.718489, 12967.443947
102, 7426.081106, 1204.389250, 12880.583375, 1799.971792, 1810.770642
103, 7667.731760, 13491.097678, 1569.861157, 13892.301174, 899.999995
104, 7923.031775, 1313.618603, 12477.301198, 899.999995, 14056.070165
105, 7900.747367, 1149.849612, 899.999995, 1625.432154, 899.999995
106, 8450.178165, 12976.097702, 1395.321519, 1188.983556, 1297.373268
107, 8669.770304, 13059.739647, 958.872921, 13474.892060, 899.999995
108, 8140.228640, 1733.401014, 12658.534005, 899.999995, 14021.070189
109, 8397.347528, 1336.027741, 899.999995, 13450.144293, 13558.534005
110, 8642.172323, 1195.326357, 12081.491879, 12525.871507, 13319.992226
111, 8581.271887, 942.304262, 12373.402817, 899.999996, 1728.349186
112, 9016.931722, 12976.019972, 899.999996, 1475.327091, 1475.327091
113, 9272.066127, 1266.977165, 1342.598273, 899.999994, 899.999994
114, 9806.468463, 964.813674, 971.650804, 13503.915498, 1463.608032
115, 9992.748361, 1160.800554, 13228.850039, 899.999994, 1384.772808
116, 10520.414956, 1135.465842, 1365.107685, 1419.001279, 1393.666567
117, 10572.256029, 1523.549722, 1286.272461, 1393.666567, 1156.572551
118, 11122.531043, 1446.464361, 1465.317377, 1458.736042, 1079.487190
119, 11144.501343, 1335.231806, 1228.223361, 1381.650681, 1559.204060
120, 10877.467469, 14743.551282, 1151.138000, 995.596022, 1084.994314
121, 11164.971210, 1486.199956, 1460.703713, 1402.928678, 15285.457900
122, 11709.354746, 983.271271, 986.493967, 899.999993, 899.999993
123, 11849.396620, 15718.998504, 12997.413345, 15619.362720, 1357.300630
124, 11501.527779, 1390.152440, 899.999993, 1357.300630, 899.999993
125, 11710.003816, 932.851803, 12882.156599, 899.999993, 16273.445763
126, 12209.859669, 1245.552734, 1306.881162, 1145.916950, 899.999993
127, 12339.124360, 14375.506727, 13192.548154, 14275.870943, 14847.832813
128, 12763.230155, 14281.862588, 1333.145814, 14249.010778, 14711.391493
129, 12869.409148, 14605.348337, 1251.024641, 14605.348337, 899.999993
130, 13307.157168, 899.999993, 14263.205818, 899.999993, 15042.967622
131, 13401.766097, 15006.477096, 13577.902817, 14973.625286, 1125.934266
132, 13726.908288, 1125.934266, 1527.199810, 1125.934266, 15436.006001
133, 14014.433049, 14507.137711, 13437.739381, 14507.137711, 1264.504571
134, 14466.236569, 1297.356381, 1199.048974, 1264.504571, 1019.214120
135, 13802.414227, 1052.065930, 899.999994, 1019.214120, 989.323174
136, 13725.197293, 989.323174, 1208.794652, 989.323174, 15407.137711
137, 13635.357605, 14610.539564, 13633.174200, 14610.539564, 1288.475209
138, 13952.958099, 1321.327019, 1062.437882, 1288.475209, 1249.181596
139, 14105.592089, 1282.033406, 923.970632, 1249.181596, 1612.741968
140, 13874.335413, 1612.741968, 1438.762128, 1612.741968, 1308.512980
141, 13805.750591, 1308.512980, 1339.941785, 1308.512980, 945.757575
142, 14186.559616, 945.757575, 1035.712797, 945.757575, 1373.278655
143, 14305.563769, 1406.130465, 1018.872283, 1373.278655, 1252.399797
144, 13943.179339, 1285.251607, 1008.774078, 1252.399797, 16684.829713
145, 13409.828044, 15825.974383, 1441.980329, 15980.264532, 899.999994
146, 13952.878968, 1096.180940, 14338.701651, 899.999994, 1214.704202
147, 14283.394628, 1012.828831, 14664.416245, 1214.704202, 899.999994
148, 14501.514460, 1247.653528, 1298.056311, 899.999994, 1000.572244
149, 14745.657839, 15631.501834, 1214.704202, 1000.572244, 16880.264532
150, 14769.934345, 1196.753190, 899.999994, 15785.791983, 1274.759393
151, 14410.945051, 1072.884022, 14930.441848, 1274.759393, 1189.422801
152, 14640.659094, 1537.076335, 1398.628561, 1189.422801, 1666.239817
153, 14769.203264, 1511.949668, 1274.759393, 1666.239817, 1512.048718
154, 14880.530038, 1357.758569, 1189.422801, 1512.048718, 1480.186310
155, 14996.591390, 1676.367256, 1465.064376, 1480.186310, 1589.612703
156, 15098.695726, 1387.737332, 1310.873277, 1589.612703, 1580.358714
157, 15182.371572, 2045.063567, 1878.242627, 1580.358714, 1779.530126
158, 15417.913846, 1726.562870, 1589.612703, 1779.530126, 952.967249
159, 15588.714999, 899.999993, 1580.358714, 952.967249, 899.999993
160, 16051.165370, 1080.452513, 1726.562870, 899.999993, 1267.182417
161, 15919.969046, 1065.307046, 899.999993, 1267.182417, 1066.753294
162, 16124.173773, 1531.458147, 1282.327884, 1066.753294, 18724.492844
163, 16066.021865, 18428.352856, 1267.182417, 18704.292547, 899.999994
164, 16582.619191, 18027.798235, 1066.753294, 899.999994, 959.673144
165, 16432.370239, 1524.060303, 17585.162295, 959.673144, 899.999994
166, 16309.114244, 1392.065343, 1091.668104, 899.999994, 1397.125578
167, 16519.732115, 1332.392193, 959.673144, 1397.125578, 1261.702370
168, 15958.572162, 1354.605663, 899.999994, 1261.702370, 1027.410366
169, 16021.255370, 1219.182455, 1121.185887, 1027.410366, 1145.862061
170, 16569.222394, 1651.470675, 985.762679, 1145.862061, 899.999993
171, 16548.314259, 1529.689692, 1267.643044, 899.999993, 1325.380503
172, 17065.752842, 1283.827624, 1145.862061, 1325.380503, 1272.434267
173, 17128.254449, 1282.860588, 899.999993, 1272.434267, 1164.708784
174, 17571.729631, 1229.914352, 1049.440812, 1164.708784, 20744.525225
175, 17883.963528, 1788.769093, 996.494576, 20110.550828, 1060.415445
176, 18217.432782, 20285.162295, 1404.941462, 1060.415445, 20770.318150
177, 18329.237689, 1137.895530, 19700.188503, 20561.101986, 20801.334664
178, 18336.383426, 1047.729817, 18603.411363, 20600.188503, 1323.669508
179, 18303.931693, 20984.016134, 1300.648123, 1323.669508, 21259.955825
180, 18099.944615, 1090.838908, 17733.976662, 19779.351054, 1141.928503
181, 16576.984213, 1395.490623, 1287.729817, 1141.928503, 899.999994
182, 16960.856447, 1207.653616, 1133.591501, 899.999994, 1363.593307
183, 17291.983634, 20876.831139, 17711.645821, 1363.593307, 20679.351054
184, 17710.385441, 1436.867937, 1515.490623, 19293.743984, 19542.313664
185, 17886.177701, 1027.812118, 1327.653616, 18619.982823, 1487.775791
186, 17888.415061, 1121.466839, 18541.712656, 1487.775791, 1078.719972
187, 18069.081273, 899.999995, 899.999993, 1078.719972, 899.999994
188, 17731.314583, 21177.804293, 1078.719972, 899.999994, 1392.134667
189, 17380.987507, 20407.848151, 899.999994, 1272.134667, 20429.761583
190, 17771.138707, 1625.711863, 990.757352, 20272.868731, 899.999994
191, 17452.798235, 20998.580600, 19254.370003, 899.999994, 20743.089971
192, 17996.729725, 916.478073, 19504.827539, 20435.747318, 926.433410
193, 17238.565791, 899.999994, 968.843919, 926.433410, 909.955331
194, 17662.728422, 1625.456155, 19585.980083, 909.955331, 899.999994
195, 17995.855994, 1284.046984, 18389.272239, 899.999994, 1028.556355
196, 18247.683759, 1187.719366, 995.021627, 996.327612, 932.228737
197, 18483.840878, 21875.826449, 978.543548, 899.999994, 21958.771072
198, 18936.540821, 1552.466869, 968.588211, 21621.452810, 899.999994
199, 19175.299859, 22273.919685, 1214.954838, 899.999994, 22018.429056
200, 19732.425450, 1137.595080, 1118.627220, 21755.128655, 1100.539703
201, 19662.665585, 1543.191618, 18397.001998, 1100.539703, 22290.381152
202, 20004.322714, 1331.264791, 899.999994, 20505.897510, 1167.700989
203, 20288.833833, 1124.409638, 18205.469580, 1135.472246, 955.774162
204, 19921.773949, 899.999993, 1100.539703, 923.545419, 1010.595687
205, 19931.468738, 1101.228250, 17495.030222, 1010.595687, 21405.897510
206, 20380.440374, 23962.848027, 1354.099472, 20197.001998, 1357.424661
207, 20072.934416, 1205.780175, 1142.172645, 1357.424661, 899.999994
208, 20162.005431, 1420.446370, 1010.595687, 899.999994, 971.966224
209, 20357.222586, 1250.776526, 17077.988322, 971.966224, 21097.001998
210, 20815.404364, 1153.697894, 1369.560771, 20322.094851, 1219.218114
211, 21122.408959, 1163.377649, 912.136104, 1219.218114, 1049.548270
212, 21573.987633, 1226.706297, 971.966224, 1049.548270, 1281.231019
213, 21136.423147, 23978.364385, 17041.404098, 1281.231019, 21222.094851
214, 20789.470748, 1309.430468, 1231.354224, 20195.030222, 1380.802317
215, 20914.184204, 1266.498791, 1061.684380, 1380.802317, 1025.478041
216, 21359.459297, 1194.431766, 1281.231019, 1025.478041, 1433.651620
217, 21152.825256, 23669.468873, 16283.919032, 1315.616517, 1390.719943
218, 21320.762118, 1029.853120, 1392.938427, 1272.684840, 899.999994
219, 21490.844515, 899.999994, 1037.614151, 1353.203510, 21666.268841
220, 21712.952879, 23914.561726, 1195.616517, 999.179893, 21249.226941
221, 21930.229336, 23285.703449, 1152.684840, 21037.988322, 1597.214996
222, 22269.122536, 1189.349763, 1245.339620, 1800.565386, 1467.361870
223, 22590.123651, 911.561974, 16389.672876, 21252.766281, 21212.642717
224, 23115.671793, 899.999995, 899.999993, 899.999994, 1246.672914
225, 22401.190385, 942.090415, 1572.701496, 1302.088641, 968.885125
226, 22819.492117, 899.999995, 17330.177312, 1290.526662, 957.323146
227, 22902.425497, 1118.561053, 1352.012540, 1220.059805, 1109.147530
228, 22904.254004, 1002.507232, 1074.224751, 1177.969385, 1067.057110
229, 23189.970470, 974.270132, 1400.108143, 899.999995, 1175.884204
230, 23019.015695, 1151.679935, 1038.729011, 1393.033899, 1059.830383
231, 22639.219496, 923.013845, 996.638591, 1364.796799, 1031.593283
232, 22897.654747, 24311.539241, 1281.223830, 1681.049350, 1318.737050
233, 22857.016283, 899.999994, 1165.170009, 1452.383260, 1090.070960
234, 22784.188178, 23745.585602, 1474.378280, 899.999994, 924.484178
235, 22774.386235, 1427.077264, 1248.318531, 22075.157651, 21741.954135
236, 23287.822422, 22617.469951, 1019.652441, 1427.077264, 1544.764964
237, 23491.513542, 1154.191768, 1269.823804, 20662.403695, 20898.842506
238, 23811.436027, 21682.403695, 994.346445, 1381.248883, 899.999994
239, 23993.442320, 21853.538716, 19915.466354, 21722.908131, 21480.595831
240, 24326.086586, 22388.197173, 1273.384993, 21965.884873, 21964.635984
241, 24664.683893, 1090.760369, 20273.178011, 960.129784, 21483.596530
242, 24734.260012, 915.103600, 20207.346938, 21725.908830, 1316.568595
243, 24802.628849, 1555.129205, 20538.070503, 1142.160715, 1140.911826
244, 25173.831230, 1414.002009, 1209.953594, 1132.816905, 1131.568016
245, 25435.431788, 1249.323272, 1034.296825, 1621.970374, 1291.689709
246, 25954.119772, 1059.804779, 1362.398386, 1457.291637, 1127.010972
247, 25875.559706, 899.999994, 1221.271190, 899.999994, 22415.210828
248, 26409.259779, 23525.908830, 1056.592453, 1369.914544, 1648.470440
249, 26048.879466, 1022.704301, 1061.855439, 22902.591971, 1488.665655
250, 26231.283334, 23593.390045, 902.050654, 899.999994, 1590.798068
251, 26388.683646, 899.999995, 22433.885263, 23368.489022, 899.999995
252, 26766.912519, 1182.528425, 1144.754961, 1469.201921, 23756.046041
253, 26576.107762, 1091.810723, 22599.164506, 1299.824118, 899.999994
254, 27118.711433, 1076.213210, 899.999995, 24124.303782, 971.810723
255, 27379.423738, 24938.574472, 1424.579085, 24180.985289, 956.213210
256, 27677.509233, 25384.904715, 1211.810723, 1901.012649, 24991.860801
257, 27340.968145, 899.999995, 1196.213210, 1885.415136, 24399.164506
258, 27817.536289, 1074.118140, 23016.209254, 1439.399062, 1406.956081
259, 27956.438712, 1066.774715, 997.578279, 1304.032690, 1271.589709
260, 28444.137315, 1349.588960, 23188.841015, 1544.070408, 1264.246284
261, 28570.002019, 1245.275082, 1316.168800, 1236.369170, 1207.167244
262, 28932.706606, 1138.446022, 1308.825375, 1132.055292, 1102.853366
263, 29168.286720, 1346.218580, 1447.167244, 1677.845089, 1645.402108
264, 29402.343173, 1343.815168, 1342.853366, 1576.133130, 1543.690149
265, 29420.274349, 1524.099789, 1236.024306, 1821.110861, 1541.286737
266, 29726.433104, 1306.227915, 1588.269240, 1410.879999, 1381.678073
267, 29926.035100, 1250.268037, 1585.865828, 1193.008125, 1163.806199
268, 30157.408651, 26651.070739, 1621.678073, 1826.588881, 1757.224123
269, 29973.878405, 1223.679150, 1403.806199, 899.999994, 25671.630163
270, 30527.196499, 26064.674077, 1347.846321, 26071.771129, 1230.776202
271, 30748.655993, 1202.387459, 24416.220977, 899.999994, 899.999994
272, 30858.841708, 1091.830092, 1341.333568, 1547.976948, 1289.301661
273, 30920.620224, 1034.368620, 1010.557360, 899.999993, 26298.218817
274, 30581.467374, 26691.262731, 899.999993, 27027.352092, 1370.457981
275, 30920.391770, 25974.170317, 23275.187836, 899.999993, 899.999993
276, 31450.287902, 1463.910632, 1152.023038, 1184.288163, 925.612876
277, 29012.486963, 1318.656790, 23657.623456, 1082.940938, 26171.641886
278, 29237.750919, 1217.309565, 1115.445809, 1785.985805, 1553.398926
279, 29527.291762, 1493.327680, 970.191967, 1678.035476, 1519.932524
280, 29938.538030, 1385.377351, 1334.963983, 899.999993, 1582.848920
281, 30162.676318, 1197.857351, 1301.497581, 27330.317173, 25030.608745
282, 30453.624287, 25423.652659, 1193.547252, 26032.276704, 1806.481396
283, 30144.527545, 25649.453555, 24210.419620, 899.999994, 899.999994
284, 30525.813937, 1230.011444, 1315.511769, 26105.600411, 26164.350623
285, 30810.055806, 1014.253903, 23337.705570, 1584.242453, 899.999993
286, 31228.654256, 899.999993, 23454.607468, 1469.988543, 1469.988543
287, 31435.354975, 25768.368960, 1309.030367, 922.883505, 922.883505
288, 31876.435185, 1252.894955, 1093.272826, 26224.515816, 26436.217117
289, 31835.883281, 25058.686647, 979.018916, 1431.291364, 899.999993
290, 31422.967720, 1132.151836, 24187.083577, 1260.902764, 1260.902764
291, 31734.086216, 961.763236, 1461.980734, 923.482125, 923.482125
292, 31941.233195, 1253.493575, 1070.388593, 1120.635796, 1168.996214
293, 32218.019677, 1130.299035, 899.999993, 899.999993, 948.360411
294, 32062.487634, 909.663232, 25064.278345, 26849.023408, 928.890529
295, 32048.738949, 1161.042372, 1462.579354, 1820.181900, 1906.201039
296, 32481.052743, 1127.061511, 1339.384814, 1786.201039, 27057.426555
297, 30777.878725, 26661.707786, 1118.749011, 1591.596845, 899.999992
298, 31045.137994, 1041.227263, 1403.093032, 1450.369574, 1610.021363
299, 31286.903392, 899.999992, 1369.112171, 1232.483746, 1352.483746
300, 31835.681410, 1322.495196, 910.345863, 27471.696336, 27696.913080
301, 32072.837518, 27394.183895, 25808.201399, 1535.131461, 899.999994
302, 32377.214852, 984.761879, 1157.537610, 1480.376930, 1640.028719
303, 32701.891731, 930.007348, 899.999993, 28314.627497, 909.544941
304, 32866.370232, 28291.822265, 23312.831152, 899.999993, 28909.389189
305, 33061.738515, 899.999993, 899.999994, 1201.093745, 1201.093745
306, 32881.718288, 27739.082799, 1427.544966, 899.999993, 899.999993
307, 33128.594300, 1079.732797, 1014.761685, 29551.822265, 992.291276
308, 33150.672311, 24998.069460, 22445.345141, 1532.357101, 29786.583957
309, 33484.122627, 1098.162622, 22724.530511, 899.999993, 29460.920170
310, 33993.039536, 1297.529584, 1194.494489, 29924.659679, 1296.365749
311, 34175.238540, 24130.583449, 22627.222036, 899.999993, 946.092809
312, 34346.042304, 1104.696053, 1475.700240, 1403.634237, 899.999993
313, 34511.905444, 1214.899536, 1094.590779, 1266.854360, 1153.387791
314, 35000.901604, 1168.806720, 23115.734079, 1377.520782, 913.781273
315, 34848.044150, 1032.026843, 899.999993, 1219.056078, 1265.148894
316, 35378.626489, 1231.943902, 1011.960731, 992.171341, 1038.264157
317, 35554.987370, 1073.479198, 965.867915, 1540.024711, 1036.390467
318, 36102.844660, 1391.826568, 1298.071215, 1050.071827, 1172.102154
319, 35517.355624, 1389.952878, 1058.464697, 1167.197055, 899.999994
320, 35937.681638, 899.999994, 899.999993, 978.870433, 1019.711451
321, 36257.755436, 1088.326616, 1104.132079, 899.999994, 940.841012
322, 36397.230568, 899.999994, 1102.258389, 1369.931587, 899.999993
323, 36609.431786, 1359.872075, 1081.288682, 950.900524, 1072.930851
324, 37029.530003, 1319.031056, 24886.079401, 1314.298982, 1047.101921
325, 36623.699161, 899.999993, 1240.203345, 29222.124365, 29508.676686
326, 37173.592909, 1355.428543, 1051.876723, 1277.125128, 899.999993
327, 37445.107171, 1073.319753, 1441.989461, 899.999993, 28087.441293
328, 37971.740842, 27611.396302, 1401.148442, 953.251852, 1422.874858
329, 37658.185873, 1177.452098, 982.117379, 28354.638354, 1239.804173
330, 36961.496174, 994.381413, 1600.851303, 1435.629178, 1058.504043
331, 37106.533357, 1231.823803, 899.999993, 904.353424, 28684.327160
332, 37440.025845, 28096.387330, 25705.202042, 1241.202192, 1427.228289
333, 37482.521547, 1181.805529, 899.999993, 1161.443500, 1410.302957
334, 37868.861837, 1164.880197, 1239.804173, 899.999992, 1330.544265
335, 38024.958486, 1623.864025, 1058.504043, 29615.201677, 1577.012078
336, 38508.118334, 1362.420517, 904.353424, 1184.529426, 899.999993
337, 38664.726927, 1046.665912, 24783.185422, 1101.568567, 1209.127813
338, 37737.411404, 963.705053, 1410.302957, 899.999993, 1007.559239
339, 37618.623330, 1300.878999, 1330.544265, 1312.853974, 935.728839
340, 37871.039144, 1229.048599, 1446.225892, 1098.247681, 1229.033867
341, 37751.998781, 1014.442306, 25188.806715, 1330.363426, 1032.209451
342, 38251.417200, 1178.875370, 1292.088672, 1225.472543, 1548.012364
343, 38575.812718, 1073.984487, 1209.127813, 899.999993, 1222.539814
344, 38865.859952, 1407.254457, 1384.684374, 1153.370241, 899.999993
345, 39094.221464, 1084.714636, 1312.853974, 899.999993, 1040.868994
346, 39572.621604, 1072.601868, 1098.247681, 1083.220923, 899.999993
347, 39877.650768, 931.732867, 1424.298130, 31429.132866, 1077.605292
348, 40243.866641, 1262.319935, 1319.407247, 1424.001237, 31751.672687
349, 40468.447322, 31404.833548, 1475.910062, 899.999994, 947.843298
350, 40525.350196, 979.576172, 1153.370241, 1468.354785, 941.632389
351, 38836.411348, 973.365263, 899.999993, 1349.343282, 1328.381637
352, 39048.338125, 1628.035763, 1228.155446, 899.999994, 32120.118905
353, 38350.444516, 1178.692475, 899.999994, 1306.741813, 1273.277598
354, 38593.446580, 899.999994, 26631.098185, 33318.454884, 994.585117
355, 38591.443109, 32485.219495, 899.999994, 899.999994, 33257.583351
356, 155751.704495, 901.318141, 1269.787842, 1306.513359, 899.999994
357, 155506.101680, 32156.336150, 1150.776339, 1276.880488, 994.356663
358, 155910.064481, 1026.089537, 1465.434294, 34517.583351, 964.723792
359, 156178.110535, 996.456666, 1186.741813, 33463.077969, 31328.904653
360, 155540.631635, 31354.319530, 26476.044268, 32046.682642, 33535.018003
361, 155645.533421, 30866.258820, 1188.059960, 32853.001383, 31734.525946
362, 155631.892273, 28879.621689, 1186.513359, 1234.265040, 31143.038219
363, 154972.193305, 30424.356366, 1156.880488, 899.999993, 29747.888815
364, 155258.874807, 1038.184730, 27111.285817, 1164.615438, 1750.548586
365, 155544.828868, 29748.545241, 27470.537901, 1016.332703, 1416.283539
366, 155772.884598, 1603.919683, 27752.554725, 899.999994, 1365.353385
367, 155467.017993, 1552.989529, 28245.317058, 1549.567733, 1252.973920
368, 154985.647363, 1518.388797, 27426.581863, 899.999994, 1136.641211
369, 154710.513301, 1402.056088, 1234.265040, 32938.691656, 1732.156907
370, 154993.939840, 1133.475054, 899.999993, 899.999994, 1082.589168
371, 155155.960299, 1270.225312, 1173.413351, 1565.528255, 904.346557
372, 154773.847760, 1091.982701, 1025.130616, 1424.597702, 31283.130364
373, 154324.763286, 1174.700825, 908.797907, 1469.070035, 1748.117429
374, 153522.518753, 1033.770272, 1455.873361, 1350.621242, 1607.186876
375, 153833.574654, 899.999994, 26786.083794, 969.598341, 1473.416598
376, 154087.562140, 1542.603949, 899.999994, 33129.396371, 1390.871075
377, 154352.161068, 1161.581048, 1528.063011, 33045.726747, 1009.848174
378, 154254.355074, 32231.078155, 1471.833883, 899.999993, 901.500340
379, 154353.461413, 1089.136484, 1424.597702, 1589.558665, 32684.494759
380, 154685.280492, 1059.783983, 1290.827424, 1237.176641, 1252.382017
381, 154975.616375, 1086.349211, 1172.378631, 1354.580953, 899.999993
382, 154120.145402, 1022.664696, 1837.661358, 33582.994412, 1356.081300
383, 153644.258344, 33594.115322, 24708.991788, 1358.431080, 33406.479178
384, 153065.245568, 1207.603650, 899.999993, 1004.211398, 1254.219676
385, 153253.247875, 33847.841731, 1735.864293, 1058.085016, 899.999994
386, 153768.224100, 1374.436716, 1383.482269, 34304.978831, 1059.585363
387, 151865.203320, 1247.221507, 1354.580953, 34898.669161, 34181.258335
388, 151825.910288, 33705.105293, 25124.769851, 34277.021550, 33631.721319
389, 152060.338129, 31656.309112, 1504.736708, 32186.083794, 31948.672968
390, 152550.524796, 28217.075531, 1150.517026, 1174.440001, 28023.691557
391, 151962.127503, 1123.576492, 1058.085016, 28668.991788, 1295.940348
392, 151725.058359, 1330.254010, 24378.156928, 1241.081440, 1003.670614
393, 151360.964175, 1231.548411, 24765.864167, 1142.375841, 904.965015
394, 150826.020629, 1220.797426, 24414.472641, 1672.713683, 1027.413452
395, 151146.291329, 1518.535285, 24908.047519, 1569.398794, 924.098563
396, 151071.845935, 1263.383616, 1054.440001, 1314.247125, 1435.747472
397, 151203.100768, 1746.536750, 24693.290373, 1657.364180, 1419.953354
398, 151561.483610, 1351.486248, 1387.387068, 1262.313678, 1024.902852
399, 150421.349836, 1206.383534, 1288.681469, 1733.144206, 1492.999560
400, 149595.271769, 29933.906342, 1552.713683, 993.594976, 1520.250908
401, 149013.411925, 1486.834304, 1449.398794, 899.999991, 1426.655923
402, 149416.048076, 1393.239319, 1194.247125, 30343.681024, 1022.404353
403, 149569.176420, 1136.841075, 1803.669808, 1262.548999, 1015.383672
404, 149791.387161, 1129.820394, 1408.619306, 1255.528318, 1731.572156
405, 149900.786500, 1698.155552, 1538.299791, 1204.916224, 1573.300163
406, 148675.831861, 1539.883559, 26476.955576, 1330.710989, 1184.574924
407, 147807.407346, 1151.158320, 1423.967362, 941.985750, 1143.166489
408, 147592.029202, 1257.603211, 1330.372377, 1463.861286, 1072.633646
409, 146905.435570, 1187.070368, 1067.704584, 1393.328443, 1346.105773
410, 146147.922673, 1312.689169, 1060.683903, 899.999992, 1317.159109
411, 145551.809446, 1283.742505, 1010.071809, 1074.569935, 1153.048993
412, 144453.853383, 1119.632389, 1477.016617, 910.459819, 1754.576702
413, 142839.258124, 1509.013424, 1088.291378, 1595.271499, 1115.417247
414, 143199.291563, 1082.000643, 1428.466720, 31193.551494, 976.214258
415, 143425.051602, 942.797654, 1357.933877, 30919.558539, 955.817059
416, 143202.292262, 922.400455, 1249.822227, 1569.311466, 1148.962610
417, 142674.377557, 1023.399332, 1220.875563, 1430.108477, 1020.692831
418, 143227.184754, 1394.076805, 1811.548646, 1409.711278, 1168.062623
419, 143423.470511, 1254.646019, 1799.876933, 1193.174014, 34186.270198
420, 143139.681021, 909.635246, 1039.202980, 1064.904235, 1034.960206
421, 142303.239873, 899.999991, 899.999991, 1621.956842, 1025.324951
422, 142589.357530, 1449.752190, 1614.316712, 31889.867207, 1586.921288
423, 141903.251596, 1416.856858, 1194.262841, 1079.171610, 1554.025956
424, 140421.747458, 1164.121958, 1065.993062, 1069.536355, 899.999990
425, 140678.534834, 34666.240671, 1331.848356, 1697.063013, 34052.856697
426, 140456.979242, 34470.022175, 1080.260437, 1664.167681, 33849.172410
427, 139458.616948, 1426.612190, 1070.625182, 1010.141715, 34562.118909
428, 139701.167090, 1231.178376, 1001.668447, 32861.741891, 899.999990
429, 139874.114196, 1005.141861, 1554.025956, 33255.866749, 1517.794402
430, 140410.837967, 1073.188703, 899.999990, 33314.761916, 1291.757887
431, 139999.045921, 899.999990, 30457.947595, 899.999990, 1257.563051
432, 137117.085162, 1249.603505, 29070.242733, 1562.005806, 1084.374338
433, 135690.070148, 1173.234350, 1321.470319, 1335.969291, 899.999990
434, 135946.485018, 989.371946, 1126.036505, 1257.563051, 1459.850376
435, 135871.947043, 35728.578521, 899.999990, 1084.374338, 1275.987972
436, 135899.922264, 36250.914461, 29451.455111, 899.999990, 36261.310946
437, 136179.521728, 36007.396253, 1502.024695, 1504.061780, 35927.990142
438, 135636.485383, 1542.527420, 1328.835982, 1320.199376, 36811.655345
439, 134154.939760, 1083.268349, 1144.461634, 33496.427823, 1666.372253
440, 134220.090056, 1022.177297, 1190.403448, 32083.901065, 1207.113182
441, 133104.976596, 1216.643800, 1006.541044, 1312.923905, 899.999993
442, 132233.452925, 1156.533216, 30991.325249, 32144.682498, 1263.259826
443, 132309.165471, 1140.457737, 31195.013956, 1207.113182, 1203.149242
444, 132505.962139, 1116.998105, 1359.259063, 899.999993, 1281.591247
445, 132668.417555, 1004.888620, 899.999992, 987.040285, 1012.109478
446, 133102.725715, 1577.737620, 32197.233433, 926.929701, 899.999993
447, 132280.460274, 1542.295787, 899.999993, 910.854222, 1624.353646
448, 130390.140348, 1348.982657, 1033.375443, 1012.109478, 1588.911813
449, 126672.430512, 1479.114478, 973.264859, 899.999993, 1518.516439
450, 126747.737578, 976.488349, 1281.591247, 1348.134105, 1402.626123
451, 125441.595652, 39585.039319, 1012.109478, 1312.692272, 899.999994
452, 125523.615093, 37572.053475, 899.999993, 1119.379142, 37372.647364
453, 125237.911365, 36733.073635, 1394.469263, 1402.626123, 36242.607417
454, 125665.798445, 36220.308150, 1359.027430, 899.999994, 36020.902039
455, 125516.729097, 36946.177964, 1518.516439, 35030.552312, 1150.590149
456, 126059.923303, 1761.056367, 1402.626123, 34983.689933, 36449.689609
457, 124261.386319, 1413.454141, 899.999994, 34938.703669, 1580.070167
458, 123087.957619, 1216.526932, 33685.901530, 36072.332226, 37499.066609
459, 122909.640994, 899.999993, 34146.799156, 899.999993, 899.999993
460, 123295.039811, 37994.156151, 34026.304161, 1582.987923, 1242.474461
461, 123549.511132, 1577.525525, 910.590149, 36296.209000, 899.999993
462, 124068.272584, 38973.388600, 34044.445764, 1444.623317, 38838.299058
463, 123504.524868, 38790.607284, 32756.014827, 1128.096378, 38113.081752
464, 123932.149358, 38957.265374, 1462.987923, 1015.031754, 38453.484383
465, 123844.927499, 39131.009915, 33165.199695, 36768.516144, 39182.175832
466, 123829.795966, 38974.911982, 33284.159115, 36864.445764, 38778.823847
467, 122574.638165, 37860.720581, 1559.001400, 35858.226810, 37964.193642
468, 122950.549897, 38215.665913, 1242.474461, 35985.199695, 37899.577778
469, 123102.782453, 38388.864869, 899.999993, 36009.608396, 37923.986479
470, 122974.958598, 38360.074614, 33496.806257, 36746.371098, 38972.337930
471, 122287.383089, 37573.465505, 30823.763187, 35881.561890, 37795.939973
472, 120301.915528, 35807.031544, 33535.939973, 33745.975170, 36091.942002
473, 118055.558102, 33341.640518, 29136.934764, 31649.736903, 33564.114986
474, 118326.384855, 33951.500871, 29255.412736, 32130.444497, 32839.790093
475, 117331.233209, 32617.315625, 28412.609871, 30925.412010, 34596.411329
476, 115420.055094, 30741.398190, 26589.082975, 29049.494575, 31269.082975
477, 115455.315774, 31165.171110, 26536.692436, 29584.114736, 31734.176552
478, 115885.148671, 31511.702084, 27294.176552, 29819.798469, 31864.871251
479, 115690.486034, 31215.131053, 26771.862696, 29874.074679, 32099.042918
480, 115041.209999, 30667.763412, 26200.136199, 28975.859797, 31371.236473
481, 115118.759537, 30763.404556, 26690.237880, 28870.177085, 31527.316421
482, 114935.527287, 30562.080700, 26357.374946, 29662.348182, 31031.933243
483, 114623.376359, 30388.021378, 26171.933243, 29117.555160, 31745.553761
484, 113987.578211, 29614.131624, 25409.425870, 28331.637853, 30736.606092
485, 113836.784818, 29721.429837, 25625.341702, 28330.963619, 30786.340295
486, 113136.590297, 28763.143710, 24558.437956, 27840.649939, 29885.618178
487, 113305.785834, 29310.430853, 24218.495159, 27799.964635, 29545.675381
488, 112796.647500, 28423.200913, 25334.342718, 25255.268723, 30735.341311
489, 110761.089922, 26885.734941, 22742.466584, 27860.707142, 28069.646806
490, 107777.784375, 23404.337788, 19486.812256, 22612.434173, 25127.810849
491, 108093.261798, 24070.444545, 20074.638460, 23176.850443, 25401.818682
492, 108443.891132, 24337.906817, 20392.919013, 23278.540930, 24361.361279
493, 107052.804395, 23238.886811, 19034.181057, 22281.632380, 26273.917606
494, 107446.982582, 23252.098598, 19636.010463, 22496.393040, 25096.010463
495, 107711.104680, 23897.187096, 19692.481342, 23105.283481, 25680.660157
496, 107801.382966, 23726.498982, 19055.970766, 23045.442608, 25450.410847
497, 107074.594104, 23260.676520, 20230.410847, 22468.772905, 23881.671673
498, 106232.643792, 22277.759808, 18554.491451, 21836.703434, 25524.149581
499, 104886.536306, 21072.618722, 17215.093190, 20280.715107, 23095.093190
